{
  "mae": 1.6221574124507712,
  "rmse": 2.065963828876858,
  "mape": 1.4797447346193782,
  "smape": 1.4785496251078194,
  "mase": 0.7946123097749734,
  "coverage": 0.9166666666666666,
  "n_obs": 24,
  "horizon": 24,
  "extra": {}
}